<?xml version="1.0"?>
</ArrayOfOrder xmlns:xsi="http://www.w3.org/2001/XMLSchema-instance" xmlns:xsd="http://www.w3.org/2001/XMLSchema">
  <Order>
    <OrderId>1</OrderId>
    <Customer>
      <CustomerId>1</CustomerId>
      <CustomerName>liuwang</CustomerName>
    </Customer>
    <OrderDetails>
      <OrderDetail>
        <OrderDetailId>1</OrderDetailId>
        <Goods>
          <GoodsId>3</GoodsId>
          <GoodsName>apple</GoodsName>
          <GoodsValue>5.59</GoodsValue>
        </Goods>
        <Quantity>8</Quantity>
      </OrderDetail>
      <OrderDetail>
        <OrderDetailId>2</OrderDetailId>
        <Goods>
          <GoodsId>2</GoodsId>
          <GoodsName>egg</GoodsName>
          <GoodsValue>4.99</GoodsValue>
        </Goods>
        <Quantity>2</Quantity>
      </OrderDetail>
      <OrderDetail>
        <OrderDetailId>3</OrderDetailId>
        <Goods>
          <GoodsId>1</GoodsId>
          <GoodsName>milk</GoodsName>
          <GoodsValue>69.9</GoodsValue>
        </Goods>
        <Quantity>1</Quantity>
      </OrderDetail>
    </OrderDetails>
  </Order>
  <Order>
    <OrderId>2</OrderId>
    <Customer>
      <CustomerId>2</CustomerId>
      <CustomerName>jams</CustomerName>
    </Customer>
    <OrderDetails>
      <OrderDetail>
        <OrderDetailId>2</OrderDetailId>
        <Goods>
          <GoodsId>2</GoodsId>
          <GoodsName>egg</GoodsName>
          <GoodsValue>4.99</GoodsValue>
        </Goods>
        <Quantity>2</Quantity>
      </OrderDetail>
      <OrderDetail>
        <OrderDetailId>3</OrderDetailId>
        <Goods>
          <GoodsId>1</GoodsId>
          <GoodsName>milk</GoodsName>
          <GoodsValue>69.9</GoodsValue>
        </Goods>
        <Quantity>1</Quantity>
      </OrderDetail>
    </OrderDetails>
  </Order>
  <Order>
    <OrderId>3</OrderId>
    <Customer>
      <CustomerId>2</CustomerId>
      <CustomerName>jams</CustomerName>
    </Customer>
    <OrderDetails>
      <OrderDetail>
        <OrderDetailId>3</OrderDetailId>
        <Goods>
          <GoodsId>1</GoodsId>
          <GoodsName>milk</GoodsName>
          <GoodsValue>69.9</GoodsValue>
        </Goods>
        <Quantity>1</Quantity>
      </OrderDetail>
    </OrderDetails>
  </Order>
</ArrayOfOrder>